{
    "rightSpawnRoute_0": {
        "ControlPoints": [
            {
                "x": 25.84000015258789,
                "y": 1.0,
                "z": 0.0
            },
            {
                "x": 17.170000076293945,
                "y": 1.0,
                "z": 4.329999923706055
            },
            {
                "x": 13.520000457763672,
                "y": 1.0,
                "z": 4.099999904632568
            },
            {
                "x": 0.0,
                "y": 0.0,
                "z": -1.7400000095367432
            }
        ],
        "Resolution": 100
    }
}