{
    "rightSpawnRoute_1": {
        "ControlPoints": [
            {
                "x": 25.920000076293945,
                "y": 1.0,
                "z": 0.0
            },
            {
                "x": 18.489999771118164,
                "y": 1.0,
                "z": 1.7300000190734863
            },
            {
                "x": 9.40999984741211,
                "y": 1.0,
                "z": -9.960000038146973
            },
            {
                "x": 0.0,
                "y": 1.0,
                "z": -2.0
            }
        ],
        "Resolution": 100
    }
}