{
    "topSpawnRoute_0": {
        "ControlPoints": [
            {
                "x": 1.0,
                "y": 1.0,
                "z": 23.0
            },
            {
                "x": -1.7300000190734863,
                "y": 1.0,
                "z": 16.0
            },
            {
                "x": -0.7900000214576721,
                "y": 1.0,
                "z": 4.960000038146973
            },
            {
                "x": 0.0,
                "y": 1.0,
                "z": -1.2000000476837158
            }
        ],
        "Resolution": 100
    }
}